array_index,seconds_used,timestamp
20,5.35,2025-07-13 02:48:24
20,3.43,2025-07-13 02:53:57
18,40231.0,2025-07-13 14:04:24
19,40669.31,2025-07-13 14:11:43
8,41155.81,2025-07-13 14:19:49
14,41676.99,2025-07-13 14:28:30
7,41979.4,2025-07-13 14:33:33
17,41981.87,2025-07-13 14:33:35
12,42201.91,2025-07-13 14:37:15
10,42233.55,2025-07-13 14:37:47
9,43329.63,2025-07-13 14:56:03
13,43372.52,2025-07-13 14:56:46
5,43573.19,2025-07-13 15:00:06
4,43693.23,2025-07-13 15:02:06
16,44647.38,2025-07-13 15:18:01
15,44759.29,2025-07-13 15:19:52
11,45300.35,2025-07-13 15:28:54
1,45316.55,2025-07-13 15:29:10
6,46992.87,2025-07-13 15:57:06
3,47762.32,2025-07-13 16:09:55
2,48968.68,2025-07-13 16:30:02
